{
    "ActionSound": "",
    "AutoUnlock": true,
    "Cards": [
        "{\n    \"UnitsInDeck\": 4,\n    \"Card\": \"curseofshadows\"\n}",
        "{\n    \"UnitsInDeck\": 3,\n    \"Card\": \"curseofexhaustion\"\n}",
        "{\n    \"UnitsInDeck\": 3,\n    \"Card\": \"necroticburst\"\n}",
        "{\n    \"UnitsInDeck\": 2,\n    \"Card\": \"maliciouseye\"\n}",
        "{\n    \"UnitsInDeck\": 1,\n    \"Card\": \"curseofdecay\"\n}",
        "{\n    \"UnitsInDeck\": 1,\n    \"Card\": \"darknessfalls\"\n}",
        "{\n    \"UnitsInDeck\": 1,\n    \"Card\": \"overlordgraspheart\"\n}"
    ],
    "ChallengePack0": "shadowmancer",
    "ChallengePack1": "witch",
    "ChallengePack2": "enchanter",
    "ChallengePack3": "scribe",
    "ChallengePack4": "wizard",
    "ChallengePack5": "sorcerer",
    "ChallengePack6": "tempest",
    "CharacterDescription": "Transported here from another world, the creature once known as Momonga and leads the Great Tomb of Nazarick. As the last remaining member of the guild Ainz Ooal Gown, he took on the name to honor those fallen and spread their legacy across the new world.",
    "CharacterDescriptionStrength": "Supreme Caster specialized in Summoning and Shadow magic of all types.",
    "CharacterName": "Ainz",
    "Energy": 1,
    "EnergyTurn": 3,
    "Female": false,
    "FluffOffsetX": 0,
    "FluffOffsetY": 3.40000009536743,
    "HeroClass": "mage",
    "HeroClassSecondary": "none",
    "HitSound": "",
    "HP": 66,
    "ID": "overlord",
    "Item": "overlordheartofmomonga",
    "MaxHP": [
        0,
        5,
        5,
        5,
        5
    ],
    "OrderInList": 5,
    "ResistSlashing": 10,
    "ResistBlunt": -15,
    "ResistPiercing": 10,
    "ResistFire": 15,
    "ResistCold": 15,
    "ResistLightning": 15,
    "ResistHoly": -15,
    "ResistShadow": 30,
    "ResistMind": -5,
    "Speed": 11,
    "SpriteBorderLocked": "ainzSilueta",
    "StickerBase": "",
    "StickerAngry": "",
    "StickerIndifferent": "",
    "StickerLove": "",
    "StickerSurprise": "",
    "StickerOffsetX": 0.100000001490116,
    "SubclassName": "Overlord",
    "Trait0": "overlordtrait0",
    "Trait1A": "overlordtrait1a",
    "Trait1B": "overlordtrait1b",
    "Trait2A": "overlordtrait2a",
    "Trait2B": "overlordtrait2b",
    "Trait3A": "overlordtrait3a",
    "Trait3B": "overlordtrait3b",
    "Trait4A": "overlordtrait4b",
    "Trait4B": "overlordtrait4a",
    "CardsSingularity": [
        "overlordgraspheart",
        "curseofshadows",
        "curseofexhaustion",
        "necroticburst",
        "maliciouseye",
        "curseofdecay",
        "darknessfalls",
        "curseofagony",
        "curseoffragility",
        "shadowbolt",
        "lifetap",
        "bookworm",
        "scrollofspeed",
        "nightmare",
        "darkpact"
    ]
}